Image,Focal_Length,Pixel_Dimension,Altitude
Whale-1.JPG,50,0.00391667,74.94
Whale-2.JPG,50,0.00391667,73.16
Whale-3.JPG,50,0.00391667,61.79
Whale-4.JPG,50,0.00391667,61.79
Whale-5.JPG,50,0.00391667,85.72
Whale-6.JPG,50,0.00391667,85.72
Whale-7.JPG,50,0.00391667,85.85
Whale-8.JPG,50,0.00391667,85.75
Whale-9.JPG,35,0.00391667,56.39
Whale-10.JPG,35,0.00391667,56.96